Topic,Count,Name,Representation,Representative_Docs
-1,40,-1_25_website_wachten_ik,"['25', 'website', 'wachten', 'ik', 'but', 'maar', 'moest', 'moeten', 'wel', 'times']","['De klantenservice was vriendelijk, maar ik moest wel 25 minuten wachten.', 'De klantenservice was vriendelijk, maar ik moest wel 25 minuten wachten.', 'De klantenservice was vriendelijk, maar ik moest wel 25 minuten wachten.']"
0,30,0_product_niet_the_het,"['product', 'niet', 'the', 'het', 'in', 'de', 'beschadigd', 'gewoon', 'bezorger', 'kapot']","['De verpakking was beschadigd, maar het product gelukkig niet.', 'De verpakking was beschadigd, maar het product gelukkig niet.', 'De verpakking was beschadigd, maar het product gelukkig niet.']"
1,25,1_product_and_kwijtgeraakt_volgens,"['product', 'and', 'kwijtgeraakt', 'volgens', 'tracking', 'track', 'trace', 'sturen', 'retour', 'as']","['Retour sturen is echt gedoe. Geen duidelijke instructies.', 'Retour sturen is echt gedoe. Geen duidelijke instructies.', 'Retour sturen is echt gedoe. Geen duidelijke instructies.']"
2,20,2_kwaliteit_good_nodig_with,"['kwaliteit', 'good', 'nodig', 'with', 'met', 'prima', 'purchase', 'heel', 'prijs', 'happy']","['Heel blij met mijn aankoop! Precies wat ik nodig had.', 'Heel blij met mijn aankoop! Precies wat ik nodig had.', 'Heel blij met mijn aankoop! Precies wat ik nodig had.']"
3,20,3_no_everything_volledig_included,"['no', 'everything', 'volledig', 'included', 'orde', 'complaints', 'ontbreken', 'merken', 'instructions', 'alles']","['Alles was in orde. Niks op aan te merken.', 'Alles was in orde. Niks op aan te merken.', 'Alles was in orde. Niks op aan te merken.']"
4,20,4_chat_on_the_de,"['chat', 'on', 'the', 'de', 'help', 'great', 'agent', 'via', 'grumpy', 'medewerker']","['Great help on the live chat.', 'Great help on the live chat.', 'Great help on the live chat.']"
5,15,5_order_gisteren_yesterday_worden,"['order', 'gisteren', 'yesterday', 'worden', 'arrive', 'than', 'supposed', 'earlier', 'er', 'expected']","['My order was supposed to arrive yesterday, but nothing showed up.', 'My order was supposed to arrive yesterday, but nothing showed up.', 'My order was supposed to arrive yesterday, but nothing showed up.']"
6,15,6_geleverd_huis_fast_delivery,"['geleverd', 'huis', 'fast', 'delivery', 'dan', 'binnen', 'bestelling', 'een', 'it', 'next']","['Super fast delivery! Got it the next day.', 'Super fast delivery! Got it the next day.', 'Super fast delivery! Got it the next day.']"
7,15,7_stock_ships_levering_voorraadstatus,"['stock', 'ships', 'levering', 'voorraadstatus', 'voorraad', 'such', 'staat', 'slowly', 'duurt', 'hassle']","['Stock info is wrong. Says in stock but ships slowly.', 'Stock info is wrong. Says in stock but ships slowly.', 'Stock info is wrong. Says in stock but ships slowly.']"
